{
  "timestamp": "2025-08-20T10:47:47.259943",
  "summary": {
    "total_spans": 517,
    "unique_documents": 9,
    "span_types": {
      "oq_generator": 55,
      "categorization_agent": 50,
      "chromadb": 238,
      "context_provider": 5,
      "other": 30,
      "research_agent": 32,
      "llm_call": 84,
      "sme_agent": 23
    }
  },
  "agent_performance": {
    "oq_generator": {
      "span_count": 55,
      "error_count": 0,
      "error_rate": 0.0,
      "documents_processed": 5,
      "duration_stats": {
        "mean": 14322.707461818181,
        "median": 9.005,
        "std": 32168.175053001538,
        "min": 0.0,
        "max": 104172.1168,
        "p50": 9.005,
        "p75": 1887.4885,
        "p90": 75386.36696,
        "p95": 93163.85802999994,
        "p99": 104080.13968
      },
      "token_usage": {
        "total_input_tokens": 0,
        "total_output_tokens": 0,
        "avg_input_tokens": 0,
        "avg_output_tokens": 0
      }
    },
    "categorization_agent": {
      "span_count": 50,
      "error_count": 0,
      "error_rate": 0.0,
      "documents_processed": 5,
      "duration_stats": {
        "mean": 64.448462,
        "median": 0.509,
        "std": 189.02627576655104,
        "min": 0.0,
        "max": 683.1572,
        "p50": 0.509,
        "p75": 4.8555,
        "p90": 69.47401000000079,
        "p95": 610.6396699999998,
        "p99": 671.536017
      },
      "token_usage": {
        "total_input_tokens": 0,
        "total_output_tokens": 0,
        "avg_input_tokens": 0,
        "avg_output_tokens": 0
      }
    },
    "chromadb": {
      "span_count": 238,
      "error_count": 0,
      "error_rate": 0.0,
      "documents_processed": 5,
      "duration_stats": {
        "mean": 384.46710462184876,
        "median": 333.9614,
        "std": 619.4456516119349,
        "min": 0.0,
        "max": 4395.7254,
        "p50": 333.9614,
        "p75": 498.3428,
        "p90": 769.3981,
        "p95": 1392.783365,
        "p99": 3677.895602999999
      },
      "token_usage": {
        "total_input_tokens": 264,
        "total_output_tokens": 0,
        "avg_input_tokens": 11,
        "avg_output_tokens": 0
      }
    },
    "context_provider": {
      "span_count": 5,
      "error_count": 0,
      "error_rate": 0.0,
      "documents_processed": 5,
      "duration_stats": {
        "mean": 3772.53256,
        "median": 3741.1205,
        "std": 447.49801351151615,
        "min": 3191.3523,
        "max": 4395.7254,
        "p50": 3741.1205,
        "p75": 3959.3718,
        "p90": 4221.18396,
        "p95": 4308.45468,
        "p99": 4378.271256
      },
      "token_usage": {
        "total_input_tokens": 0,
        "total_output_tokens": 0,
        "avg_input_tokens": 0,
        "avg_output_tokens": 0
      }
    },
    "other": {
      "span_count": 30,
      "error_count": 0,
      "error_rate": 0.0,
      "documents_processed": 9,
      "duration_stats": {
        "mean": 12183.98078076923,
        "median": 14486.21575,
        "std": 5477.754578141929,
        "min": 1012.3281,
        "max": 15621.4412,
        "p50": 14486.21575,
        "p75": 15185.304625,
        "p90": 15528.947400000001,
        "p95": 15561.520275,
        "p99": 15608.8869
      },
      "token_usage": {
        "total_input_tokens": 0,
        "total_output_tokens": 0,
        "avg_input_tokens": 0,
        "avg_output_tokens": 0
      }
    },
    "research_agent": {
      "span_count": 32,
      "error_count": 0,
      "error_rate": 0.0,
      "documents_processed": 4,
      "duration_stats": {
        "mean": 28268.211671875,
        "median": 1.36995,
        "std": 37077.32983163371,
        "min": 0.0,
        "max": 75443.3534,
        "p50": 1.36995,
        "p75": 75367.79579999999,
        "p90": 75382.5361,
        "p95": 75441.362345,
        "p99": 75443.3534
      },
      "token_usage": {
        "total_input_tokens": 0,
        "total_output_tokens": 0,
        "avg_input_tokens": 0,
        "avg_output_tokens": 0
      }
    },
    "llm_call": {
      "span_count": 84,
      "error_count": 0,
      "error_rate": 0.0,
      "documents_processed": 4,
      "duration_stats": {
        "mean": 15622.09731547619,
        "median": 12536.8923,
        "std": 11255.082432906727,
        "min": 3220.3598,
        "max": 43886.3092,
        "p50": 12536.8923,
        "p75": 21514.9639,
        "p90": 33873.87191,
        "p95": 39090.41,
        "p99": 43884.409994
      },
      "token_usage": {
        "total_input_tokens": 25976,
        "total_output_tokens": 21069,
        "avg_input_tokens": 927.7142857142857,
        "avg_output_tokens": 752.4642857142857
      }
    },
    "sme_agent": {
      "span_count": 23,
      "error_count": 0,
      "error_rate": 0.0,
      "documents_processed": 4,
      "duration_stats": {
        "mean": 22293.77397826087,
        "median": 12431.495,
        "std": 26546.129989621968,
        "min": 3225.6781,
        "max": 88521.5757,
        "p50": 12431.495,
        "p75": 19362.144050000003,
        "p90": 63398.7983,
        "p95": 86009.29795999997,
        "p99": 88521.5757
      },
      "token_usage": {
        "total_input_tokens": 0,
        "total_output_tokens": 0,
        "avg_input_tokens": 0,
        "avg_output_tokens": 0
      }
    }
  },
  "chromadb_operations": {
    "embedding": {
      "count": 34,
      "duration_stats": {
        "mean": 784.9316823529412,
        "median": 543.156,
        "min": 295.7762,
        "max": 1768.5419,
        "p90": 1606.0219,
        "p95": 1682.9091049999997
      }
    },
    "query": {
      "count": 57,
      "duration_stats": {
        "mean": 323.34176140350877,
        "median": 350.2567,
        "min": 28.79,
        "max": 783.9398,
        "p90": 605.8102199999998,
        "p95": 714.1344999999999
      }
    },
    "unknown": {
      "count": 147,
      "duration_stats": {
        "mean": 760.4100540983607,
        "median": 495.3,
        "min": 0.9993,
        "max": 4395.7254,
        "p90": 948.2197,
        "p95": 3570.2424
      }
    },
    "total_operations": 238
  },
  "workflow_patterns": {
    "URS-001": {
      "total_spans": 87,
      "total_duration_ms": 434955.3141,
      "unique_agents": 8,
      "agent_distribution": {
        "oq_generator": 9,
        "categorization_agent": 10,
        "chromadb": 49,
        "context_provider": 1,
        "research_agent": 8,
        "other": 6,
        "llm_call": 3,
        "sme_agent": 1
      },
      "dominant_agent": "chromadb"
    },
    "URS-006": {
      "total_spans": 69,
      "total_duration_ms": 40383.4433,
      "unique_agents": 5,
      "agent_distribution": {
        "oq_generator": 7,
        "categorization_agent": 10,
        "chromadb": 49,
        "context_provider": 1,
        "other": 2
      },
      "dominant_agent": "chromadb"
    },
    "URS-007": {
      "total_spans": 130,
      "total_duration_ms": 1446982.9806,
      "unique_agents": 8,
      "agent_distribution": {
        "oq_generator": 18,
        "categorization_agent": 10,
        "chromadb": 42,
        "context_provider": 1,
        "other": 6,
        "research_agent": 8,
        "sme_agent": 9,
        "llm_call": 36
      },
      "dominant_agent": "chromadb"
    },
    "URS-008": {
      "total_spans": 128,
      "total_duration_ms": 1423626.9265,
      "unique_agents": 8,
      "agent_distribution": {
        "oq_generator": 12,
        "categorization_agent": 10,
        "chromadb": 49,
        "context_provider": 1,
        "other": 6,
        "research_agent": 8,
        "llm_call": 33,
        "sme_agent": 9
      },
      "dominant_agent": "chromadb"
    },
    "URS-009": {
      "total_spans": 99,
      "total_duration_ms": 601767.7525,
      "unique_agents": 8,
      "agent_distribution": {
        "oq_generator": 9,
        "categorization_agent": 10,
        "chromadb": 49,
        "context_provider": 1,
        "other": 6,
        "research_agent": 8,